bidder,verified_rep,total_score,behavioral_rep,static_rank
Bidder-A,0.95,0.6475,0.525,8
Bidder-B,0.95,0.6349999999999999,0.5,7
Bidder-C,0.78,0.640554765625,0.6131095312500001,3
Bidder-D,0.82,0.6084999999999999,0.525,5
Bidder-E,0.8,0.6024999999999999,0.525,4
Bidder-F,0.88,0.6265,0.525,6
Bidder-G,0.76,0.5905,0.525,2
Bidder-H,0.74,0.5845,0.525,1
